<?xml version='1.0' encoding='UTF-8' standalone='yes' ?>
<hierarchy rotation="0">
  <node index="0" text="" resource-id="" class="android.widget.FrameLayout" package="com.android.systemui" content-desc="" checkable="false" checked="false" clickable="false" enabled="true" focusable="false" focused="false" scrollable="false" long-clickable="false" password="false" selected="false" visible-to-user="true" bounds="[0,0][1440,98]">
    <node index="0" text="" resource-id="com.android.systemui:id/status_bar_container" class="android.widget.FrameLayout" package="com.android.systemui" content-desc="" checkable="false" checked="false" clickable="false" enabled="true" focusable="false" focused="false" scrollable="false" long-clickable="false" password="false" selected="false" visible-to-user="true" bounds="[0,0][1440,98]">
      <node index="0" text="" resource-id="com.android.systemui:id/status_bar" class="android.widget.FrameLayout" package="com.android.systemui" content-desc="" checkable="false" checked="false" clickable="false" enabled="true" focusable="false" focused="false" scrollable="false" long-clickable="false" password="false" selected="false" visible-to-user="true" bounds="[0,0][1440,98]">
        <node index="0" text="" resource-id="com.android.systemui:id/status_bar_contents" class="android.widget.LinearLayout" package="com.android.systemui" content-desc="" checkable="false" checked="false" clickable="false" enabled="true" focusable="false" focused="false" scrollable="false" long-clickable="false" password="false" selected="false" visible-to-user="true" bounds="[28,0][1412,98]">
          <node index="0" text="" resource-id="" class="android.widget.FrameLayout" package="com.android.systemui" content-desc="" checkable="false" checked="false" clickable="false" enabled="true" focusable="false" focused="false" scrollable="false" long-clickable="false" password="false" selected="false" visible-to-user="true" bounds="[56,0][720,98]">
            <node index="0" text="" resource-id="com.android.systemui:id/status_bar_left_side" class="android.widget.LinearLayout" package="com.android.systemui" content-desc="" checkable="false" checked="false" clickable="false" enabled="true" focusable="false" focused="false" scrollable="false" long-clickable="false" password="false" selected="false" visible-to-user="true" bounds="[56,0][720,98]">
              <node index="0" text="8:48" resource-id="com.android.systemui:id/clock" class="android.widget.TextView" package="com.android.systemui" content-desc="8:48 AM" checkable="false" checked="false" clickable="false" enabled="true" focusable="false" focused="false" scrollable="false" long-clickable="false" password="false" selected="false" visible-to-user="true" bounds="[56,0][166,98]" />
              <node index="1" text="" resource-id="com.android.systemui:id/notification_icon_area" class="android.widget.FrameLayout" package="com.android.systemui" content-desc="" checkable="false" checked="false" clickable="false" enabled="true" focusable="false" focused="false" scrollable="false" long-clickable="false" password="false" selected="false" visible-to-user="true" bounds="[166,0][720,98]">
                <node index="0" text="" resource-id="com.android.systemui:id/notification_icon_area_inner" class="android.widget.LinearLayout" package="com.android.systemui" content-desc="" checkable="false" checked="false" clickable="false" enabled="true" focusable="false" focused="false" scrollable="false" long-clickable="false" password="false" selected="false" visible-to-user="true" bounds="[166,0][720,98]">
                  <node index="0" text="" resource-id="com.android.systemui:id/notificationIcons" class="android.widget.FrameLayout" package="com.android.systemui" content-desc="" checkable="false" checked="false" clickable="false" enabled="true" focusable="false" focused="false" scrollable="false" long-clickable="false" password="false" selected="false" visible-to-user="true" bounds="[166,0][720,98]">
                    <node index="0" text="" resource-id="" class="android.widget.ImageView" package="com.android.systemui" content-desc="Android System notification: USB debugging connected" checkable="false" checked="false" clickable="false" enabled="true" focusable="false" focused="false" scrollable="false" long-clickable="false" password="false" selected="false" visible-to-user="true" bounds="[166,0][243,98]" />
                    <node index="1" text="" resource-id="" class="android.widget.ImageView" package="com.android.systemui" content-desc="Calendar notification: " checkable="false" checked="false" clickable="false" enabled="true" focusable="false" focused="false" scrollable="false" long-clickable="false" password="false" selected="false" visible-to-user="true" bounds="[243,0][320,98]" />
                    <node index="2" text="" resource-id="" class="android.widget.ImageView" package="com.android.systemui" content-desc="Drivvo notification: Update available" checkable="false" checked="false" clickable="false" enabled="true" focusable="false" focused="false" scrollable="false" long-clickable="false" password="false" selected="false" visible-to-user="true" bounds="[320,0][397,98]" />
                    <node index="3" text="" resource-id="" class="android.widget.ImageView" package="com.android.systemui" content-desc="Drivvo notification: Is your car feeling a bit flat?" checkable="false" checked="false" clickable="false" enabled="true" focusable="false" focused="false" scrollable="false" long-clickable="false" password="false" selected="false" visible-to-user="true" bounds="[397,0][474,98]" />
                    <node index="4" text="" resource-id="" class="android.widget.ImageView" package="com.android.systemui" content-desc="Clock notification: Missed alarm" checkable="false" checked="false" clickable="false" enabled="true" focusable="false" focused="false" scrollable="false" long-clickable="false" password="false" selected="false" visible-to-user="true" bounds="[474,0][551,98]" />
                    <node index="5" text="" resource-id="" class="android.widget.ImageView" package="com.android.systemui" content-desc="Find My Device notification: Find this device when offline" checkable="false" checked="false" clickable="false" enabled="true" focusable="false" focused="false" scrollable="false" long-clickable="false" password="false" selected="false" visible-to-user="true" bounds="[499,0][576,98]" />
                    <node index="6" text="" resource-id="" class="android.widget.ImageView" package="com.android.systemui" content-desc="Google News notification: " checkable="false" checked="false" clickable="false" enabled="true" focusable="false" focused="false" scrollable="false" long-clickable="false" password="false" selected="false" visible-to-user="true" bounds="[499,0][576,98]" />
                    <node index="7" text="" resource-id="" class="android.widget.ImageView" package="com.android.systemui" content-desc="Google Play Store notification: 1 new update" checkable="false" checked="false" clickable="false" enabled="true" focusable="false" focused="false" scrollable="false" long-clickable="false" password="false" selected="false" visible-to-user="true" bounds="[499,0][576,98]" />
                    <node index="8" text="" resource-id="" class="android.widget.ImageView" package="com.android.systemui" content-desc="Google notification: Today in Halton Hills" checkable="false" checked="false" clickable="false" enabled="true" focusable="false" focused="false" scrollable="false" long-clickable="false" password="false" selected="false" visible-to-user="true" bounds="[499,0][576,98]" />
                    <node index="9" text="" resource-id="" class="android.widget.ImageView" package="com.android.systemui" content-desc="Gmail notification: 2 new messages" checkable="false" checked="false" clickable="false" enabled="true" focusable="false" focused="false" scrollable="false" long-clickable="false" password="false" selected="false" visible-to-user="true" bounds="[499,0][576,98]" />
                    <node index="10" text="" resource-id="" class="android.widget.ImageView" package="com.android.systemui" content-desc="ATX notification: UIAutomator" checkable="false" checked="false" clickable="false" enabled="true" focusable="false" focused="false" scrollable="false" long-clickable="false" password="false" selected="false" visible-to-user="true" bounds="[499,0][576,98]" />
                  </node>
                </node>
              </node>
            </node>
          </node>
          <node index="1" text="" resource-id="com.android.systemui:id/system_icon_area" class="android.widget.LinearLayout" package="com.android.systemui" content-desc="" checkable="false" checked="false" clickable="false" enabled="true" focusable="false" focused="false" scrollable="false" long-clickable="false" password="false" selected="false" visible-to-user="true" bounds="[720,0][1384,98]">
            <node index="0" text="" resource-id="com.android.systemui:id/system_icons" class="android.widget.LinearLayout" package="com.android.systemui" content-desc="" checkable="false" checked="false" clickable="false" enabled="true" focusable="false" focused="false" scrollable="false" long-clickable="false" password="false" selected="false" visible-to-user="true" bounds="[720,0][1384,98]">
              <node index="0" text="" resource-id="com.android.systemui:id/statusIcons" class="android.widget.LinearLayout" package="com.android.systemui" content-desc="" checkable="false" checked="false" clickable="false" enabled="true" focusable="false" focused="false" scrollable="false" long-clickable="false" password="false" selected="false" visible-to-user="true" bounds="[720,0][1235,98]">
                <node index="0" text="" resource-id="" class="android.widget.ImageView" package="com.android.systemui" content-desc="Alarm set for Wed 5:40 AM." checkable="false" checked="false" clickable="false" enabled="true" focusable="false" focused="false" scrollable="false" long-clickable="false" password="false" selected="false" visible-to-user="true" bounds="[947,10][1023,87]" />
                <node index="1" text="" resource-id="" class="android.widget.ImageView" package="com.android.systemui" content-desc="Do Not Disturb" checkable="false" checked="false" clickable="false" enabled="true" focusable="false" focused="false" scrollable="false" long-clickable="false" password="false" selected="false" visible-to-user="true" bounds="[1023,10][1099,87]" />
                <node index="2" text="" resource-id="com.android.systemui:id/wifi_combo" class="android.widget.FrameLayout" package="com.android.systemui" content-desc="Wifi signal full." checkable="false" checked="false" clickable="false" enabled="true" focusable="false" focused="false" scrollable="false" long-clickable="false" password="false" selected="false" visible-to-user="true" bounds="[1099,10][1161,87]">
                  <node index="0" text="" resource-id="com.android.systemui:id/wifi_group" class="android.widget.LinearLayout" package="com.android.systemui" content-desc="" checkable="false" checked="false" clickable="false" enabled="true" focusable="false" focused="false" scrollable="false" long-clickable="false" password="false" selected="false" visible-to-user="true" bounds="[1108,10][1161,87]">
                    <node index="0" text="" resource-id="com.android.systemui:id/wifi_combo" class="android.widget.FrameLayout" package="com.android.systemui" content-desc="" checkable="false" checked="false" clickable="false" enabled="true" focusable="false" focused="false" scrollable="false" long-clickable="false" password="false" selected="false" visible-to-user="true" bounds="[1108,22][1161,75]">
                      <node index="0" text="" resource-id="com.android.systemui:id/wifi_signal" class="android.widget.ImageView" package="com.android.systemui" content-desc="" checkable="false" checked="false" clickable="false" enabled="true" focusable="false" focused="false" scrollable="false" long-clickable="false" password="false" selected="false" visible-to-user="true" bounds="[1108,22][1161,75]" />
                    </node>
                  </node>
                </node>
                <node index="3" text="" resource-id="com.android.systemui:id/mobile_combo" class="android.widget.FrameLayout" package="com.android.systemui" content-desc="No phone." checkable="false" checked="false" clickable="false" enabled="true" focusable="false" focused="false" scrollable="false" long-clickable="false" password="false" selected="false" visible-to-user="true" bounds="[1161,10][1214,87]">
                  <node index="0" text="" resource-id="com.android.systemui:id/mobile_group" class="android.widget.LinearLayout" package="com.android.systemui" content-desc="" checkable="false" checked="false" clickable="false" enabled="true" focusable="false" focused="false" scrollable="false" long-clickable="false" password="false" selected="false" visible-to-user="true" bounds="[1161,10][1214,87]">
                    <node index="0" text="" resource-id="" class="android.widget.FrameLayout" package="com.android.systemui" content-desc="" checkable="false" checked="false" clickable="false" enabled="true" focusable="false" focused="false" scrollable="false" long-clickable="false" password="false" selected="false" visible-to-user="true" bounds="[1161,22][1214,75]">
                      <node index="0" text="" resource-id="com.android.systemui:id/mobile_signal" class="android.widget.ImageView" package="com.android.systemui" content-desc="" checkable="false" checked="false" clickable="false" enabled="true" focusable="false" focused="false" scrollable="false" long-clickable="false" password="false" selected="false" visible-to-user="true" bounds="[1161,22][1214,75]" />
                    </node>
                  </node>
                </node>
              </node>
              <node index="1" text="" resource-id="com.android.systemui:id/battery" class="android.widget.LinearLayout" package="com.android.systemui" content-desc="Battery charging, 100 percent." checkable="false" checked="false" clickable="false" enabled="true" focusable="false" focused="false" scrollable="false" long-clickable="false" password="false" selected="false" visible-to-user="true" bounds="[1235,0][1384,98]">
                <node index="0" text="" resource-id="" class="android.widget.ImageView" package="com.android.systemui" content-desc="" checkable="false" checked="false" clickable="false" enabled="true" focusable="false" focused="false" scrollable="false" long-clickable="false" password="false" selected="false" visible-to-user="true" bounds="[1235,26][1262,72]" />
                <node index="1" text="100%" resource-id="com.android.systemui:id/battery_percentage_view" class="android.widget.TextView" package="com.android.systemui" content-desc="" checkable="false" checked="false" clickable="false" enabled="true" focusable="false" focused="false" scrollable="false" long-clickable="false" password="false" selected="false" visible-to-user="true" bounds="[1262,0][1384,98]" />
              </node>
            </node>
          </node>
        </node>
      </node>
    </node>
  </node>
  <node index="0" text="" resource-id="" class="android.widget.FrameLayout" package="com.instagram.android" content-desc="" checkable="false" checked="false" clickable="false" enabled="true" focusable="false" focused="false" scrollable="false" long-clickable="false" password="false" selected="false" visible-to-user="true" bounds="[0,0][1440,2824]">
    <node index="0" text="" resource-id="" class="android.widget.LinearLayout" package="com.instagram.android" content-desc="" checkable="false" checked="false" clickable="false" enabled="true" focusable="false" focused="false" scrollable="false" long-clickable="false" password="false" selected="false" visible-to-user="true" bounds="[0,0][1440,2824]">
      <node index="0" text="" resource-id="" class="android.widget.FrameLayout" package="com.instagram.android" content-desc="" checkable="false" checked="false" clickable="false" enabled="true" focusable="false" focused="false" scrollable="false" long-clickable="false" password="false" selected="false" visible-to-user="true" bounds="[0,0][1440,2824]">
        <node index="0" text="" resource-id="com.instagram.android:id/action_bar_root" class="android.widget.LinearLayout" package="com.instagram.android" content-desc="" checkable="false" checked="false" clickable="false" enabled="true" focusable="false" focused="false" scrollable="false" long-clickable="false" password="false" selected="false" visible-to-user="true" bounds="[0,0][1440,2824]">
          <node index="0" text="" resource-id="android:id/content" class="android.widget.FrameLayout" package="com.instagram.android" content-desc="" checkable="false" checked="false" clickable="false" enabled="true" focusable="false" focused="false" scrollable="false" long-clickable="false" password="false" selected="false" visible-to-user="true" bounds="[0,0][1440,2824]">
            <node index="0" text="" resource-id="com.instagram.android:id/swipe_navigation_container" class="android.widget.FrameLayout" package="com.instagram.android" content-desc="" checkable="false" checked="false" clickable="false" enabled="true" focusable="false" focused="false" scrollable="false" long-clickable="false" password="false" selected="false" visible-to-user="true" bounds="[0,0][1440,2824]">
              <node index="0" text="" resource-id="com.instagram.android:id/bottom_sheet_camera_container" class="android.widget.FrameLayout" package="com.instagram.android" content-desc="" checkable="false" checked="false" clickable="false" enabled="true" focusable="false" focused="false" scrollable="false" long-clickable="false" password="false" selected="false" visible-to-user="true" bounds="[0,0][1440,2824]" />
              <node index="1" text="" resource-id="com.instagram.android:id/overlay_layout_container" class="android.widget.FrameLayout" package="com.instagram.android" content-desc="" checkable="false" checked="false" clickable="false" enabled="true" focusable="false" focused="false" scrollable="false" long-clickable="false" password="false" selected="false" visible-to-user="true" bounds="[0,0][1440,2824]" />
              <node index="2" text="" resource-id="com.instagram.android:id/layout_container_center_right_coordinator_layout" class="android.view.ViewGroup" package="com.instagram.android" content-desc="" checkable="false" checked="false" clickable="false" enabled="true" focusable="false" focused="false" scrollable="false" long-clickable="false" password="false" selected="false" visible-to-user="true" bounds="[0,0][1440,2824]">
                <node index="1" text="" resource-id="com.instagram.android:id/activity_and_camera_shared_views_main_container" class="android.widget.FrameLayout" package="com.instagram.android" content-desc="" checkable="false" checked="false" clickable="false" enabled="true" focusable="false" focused="false" scrollable="false" long-clickable="false" password="false" selected="false" visible-to-user="true" bounds="[0,98][1440,2824]" />
                <node index="2" text="" resource-id="com.instagram.android:id/layout_container_main_panel" class="android.widget.FrameLayout" package="com.instagram.android" content-desc="" checkable="false" checked="false" clickable="false" enabled="true" focusable="false" focused="false" scrollable="false" long-clickable="false" password="false" selected="false" visible-to-user="true" bounds="[0,98][1440,2824]">
                  <node index="0" text="" resource-id="com.instagram.android:id/layout_container_main" class="android.widget.FrameLayout" package="com.instagram.android" content-desc="" checkable="false" checked="false" clickable="false" enabled="true" focusable="false" focused="false" scrollable="false" long-clickable="false" password="false" selected="false" visible-to-user="true" bounds="[0,98][1440,2649]">
                    <node index="0" text="" resource-id="" class="android.widget.FrameLayout" package="com.instagram.android" content-desc="" checkable="false" checked="false" clickable="false" enabled="true" focusable="false" focused="false" scrollable="false" long-clickable="false" password="false" selected="false" visible-to-user="true" bounds="[0,294][1440,2649]">
                      <node index="0" text="" resource-id="com.instagram.android:id/coordinator_root_layout" class="android.view.ViewGroup" package="com.instagram.android" content-desc="" checkable="false" checked="false" clickable="false" enabled="true" focusable="false" focused="false" scrollable="false" long-clickable="false" password="false" selected="false" visible-to-user="true" bounds="[0,294][1440,2649]">
                        <node index="0" text="" resource-id="" class="android.widget.FrameLayout" package="com.instagram.android" content-desc="" checkable="false" checked="false" clickable="false" enabled="true" focusable="false" focused="false" scrollable="false" long-clickable="false" password="false" selected="false" visible-to-user="true" bounds="[0,294][1440,2649]" />
                        <node index="1" text="" resource-id="com.instagram.android:id/tab_appbar" class="android.widget.LinearLayout" package="com.instagram.android" content-desc="" checkable="false" checked="false" clickable="false" enabled="true" focusable="false" focused="false" scrollable="false" long-clickable="false" password="false" selected="false" visible-to-user="true" bounds="[0,294][1440,1947]">
                          <node index="0" text="" resource-id="com.instagram.android:id/profile_header_container" class="android.widget.LinearLayout" package="com.instagram.android" content-desc="" checkable="false" checked="false" clickable="false" enabled="true" focusable="false" focused="false" scrollable="false" long-clickable="false" password="false" selected="false" visible-to-user="true" bounds="[0,294][1440,1947]">
                            <node index="0" text="" resource-id="com.instagram.android:id/profile_header_fixed_list" class="android.widget.LinearLayout" package="com.instagram.android" content-desc="" checkable="false" checked="false" clickable="false" enabled="true" focusable="false" focused="false" scrollable="false" long-clickable="false" password="false" selected="false" visible-to-user="true" bounds="[0,294][1440,1778]">
                              <node index="1" text="" resource-id="com.instagram.android:id/row_profile_header" class="android.view.ViewGroup" package="com.instagram.android" content-desc="" checkable="false" checked="false" clickable="false" enabled="true" focusable="false" focused="false" scrollable="false" long-clickable="false" password="false" selected="false" visible-to-user="true" bounds="[0,294][1440,1239]">
                                <node index="0" text="" resource-id="com.instagram.android:id/profile_header_avatar_container_top_left_stub" class="android.view.ViewGroup" package="com.instagram.android" content-desc="" checkable="false" checked="false" clickable="false" enabled="true" focusable="false" focused="false" scrollable="false" long-clickable="false" password="false" selected="false" visible-to-user="true" bounds="[56,322][364,630]">
                                  <node index="0" text="" resource-id="com.instagram.android:id/row_profile_header_imageview" class="android.widget.ImageView" package="com.instagram.android" content-desc="Profile photo" checkable="false" checked="false" clickable="true" enabled="true" focusable="true" focused="false" scrollable="false" long-clickable="true" password="false" selected="false" visible-to-user="true" bounds="[72,338][349,615]" />
                                </node>
                                <node index="1" text="" resource-id="" class="android.view.ViewGroup" package="com.instagram.android" content-desc="" checkable="false" checked="false" clickable="false" enabled="true" focusable="false" focused="false" scrollable="false" long-clickable="false" password="false" selected="false" visible-to-user="true" bounds="[420,322][1384,630]">
                                  <node index="0" text="" resource-id="com.instagram.android:id/row_profile_header_post_count_container" class="" package="com.instagram.android" content-desc="205Posts" checkable="false" checked="false" clickable="true" enabled="true" focusable="true" focused="false" scrollable="false" long-clickable="false" password="false" selected="false" visible-to-user="true" bounds="[420,322][729,630]">
                                    <node index="0" text="205" resource-id="com.instagram.android:id/row_profile_header_textview_post_count" class="android.widget.TextView" package="com.instagram.android" content-desc="" checkable="false" checked="false" clickable="false" enabled="true" focusable="false" focused="false" scrollable="false" long-clickable="false" password="false" selected="false" visible-to-user="true" bounds="[420,411][729,484]" />
                                    <node index="1" text="Posts" resource-id="com.instagram.android:id/row_profile_header_textview_post_title" class="android.widget.TextView" package="com.instagram.android" content-desc="" checkable="false" checked="false" clickable="false" enabled="true" focusable="false" focused="false" scrollable="false" long-clickable="false" password="false" selected="false" visible-to-user="true" bounds="[420,484][729,541]" />
                                  </node>
                                  <node index="1" text="" resource-id="com.instagram.android:id/row_profile_header_followers_container" class="" package="com.instagram.android" content-desc="66.7KFollowers" checkable="false" checked="false" clickable="true" enabled="true" focusable="true" focused="false" scrollable="false" long-clickable="false" password="false" selected="false" visible-to-user="true" bounds="[747,322][1057,630]">
                                    <node index="0" text="66.7K" resource-id="com.instagram.android:id/row_profile_header_textview_followers_count" class="android.widget.TextView" package="com.instagram.android" content-desc="" checkable="false" checked="false" clickable="false" enabled="true" focusable="false" focused="false" scrollable="false" long-clickable="false" password="false" selected="false" visible-to-user="true" bounds="[747,411][1057,484]" />
                                    <node index="1" text="Followers" resource-id="com.instagram.android:id/row_profile_header_textview_followers_title" class="android.widget.TextView" package="com.instagram.android" content-desc="" checkable="false" checked="false" clickable="false" enabled="true" focusable="false" focused="false" scrollable="false" long-clickable="false" password="false" selected="false" visible-to-user="true" bounds="[747,484][1057,541]" />
                                  </node>
                                  <node index="2" text="" resource-id="com.instagram.android:id/row_profile_header_following_container" class="" package="com.instagram.android" content-desc="4,171Following" checkable="false" checked="false" clickable="true" enabled="true" focusable="true" focused="false" scrollable="false" long-clickable="false" password="false" selected="false" visible-to-user="true" bounds="[1075,322][1384,630]">
                                    <node index="0" text="4,171" resource-id="com.instagram.android:id/row_profile_header_textview_following_count" class="android.widget.TextView" package="com.instagram.android" content-desc="" checkable="false" checked="false" clickable="false" enabled="true" focusable="false" focused="false" scrollable="false" long-clickable="false" password="false" selected="false" visible-to-user="true" bounds="[1075,411][1384,484]" />
                                    <node index="1" text="Following" resource-id="com.instagram.android:id/row_profile_header_textview_following_title" class="android.widget.TextView" package="com.instagram.android" content-desc="" checkable="false" checked="false" clickable="false" enabled="true" focusable="false" focused="false" scrollable="false" long-clickable="false" password="false" selected="false" visible-to-user="true" bounds="[1075,484][1384,541]" />
                                  </node>
                                </node>
                                <node index="2" text="Lediana Prenga" resource-id="com.instagram.android:id/profile_header_full_name" class="android.widget.TextView" package="com.instagram.android" content-desc="" checkable="false" checked="false" clickable="false" enabled="true" focusable="false" focused="false" scrollable="false" long-clickable="false" password="false" selected="false" visible-to-user="true" bounds="[56,630][365,679]" />
                                <node index="3" text="" resource-id="com.instagram.android:id/profile_header_barcelona_badge" class="android.widget.LinearLayout" package="com.instagram.android" content-desc="" checkable="false" checked="false" clickable="true" enabled="true" focusable="true" focused="false" scrollable="false" long-clickable="false" password="false" selected="false" visible-to-user="true" bounds="[56,697][295,788]">
                                  <node index="0" text="" resource-id="com.instagram.android:id/profile_header_barcelona_icon" class="android.widget.ImageView" package="com.instagram.android" content-desc="" checkable="false" checked="false" clickable="false" enabled="true" focusable="false" focused="false" scrollable="false" long-clickable="false" password="false" selected="false" visible-to-user="true" bounds="[56,697][147,788]" />
                                  <node index="1" text="100M+" resource-id="com.instagram.android:id/profile_header_barcelona_badge_signup_order" class="android.widget.TextView" package="com.instagram.android" content-desc="" checkable="false" checked="false" clickable="false" enabled="true" focusable="false" focused="false" scrollable="false" long-clickable="false" password="false" selected="false" visible-to-user="true" bounds="[147,697][277,788]" />
                                </node>
                                <node index="4" text="Digital creator" resource-id="com.instagram.android:id/profile_header_business_category" class="android.widget.TextView" package="com.instagram.android" content-desc="Digital creator" checkable="false" checked="false" clickable="false" enabled="true" focusable="true" focused="false" scrollable="false" long-clickable="false" password="false" selected="false" visible-to-user="true" bounds="[56,788][318,845]" />
                                <node index="5" text="Fashion designer&#127800;          &#10;@fashionnova Ambassador&#10;&#128054; @thegoldencoco1 &#10;@professionalillustration" resource-id="com.instagram.android:id/profile_header_bio_text" class="android.widget.TextView" package="com.instagram.android" content-desc="" checkable="false" checked="false" clickable="false" enabled="true" focusable="false" focused="false" scrollable="false" long-clickable="false" password="false" selected="false" visible-to-user="true" bounds="[56,845][1384,1071]" />
                                <node index="7" text="" resource-id="com.instagram.android:id/profile_header_follow_context" class="android.widget.LinearLayout" package="com.instagram.android" content-desc="" checkable="false" checked="false" clickable="true" enabled="true" focusable="true" focused="false" scrollable="false" long-clickable="false" password="false" selected="false" visible-to-user="true" bounds="[56,1071][1384,1197]">
                                  <node index="0" text="" resource-id="com.instagram.android:id/profile_header_follow_context_facepile" class="android.widget.ImageView" package="com.instagram.android" content-desc="" checkable="false" checked="false" clickable="false" enabled="true" focusable="false" focused="false" scrollable="false" long-clickable="false" password="false" selected="false" visible-to-user="true" bounds="[56,1099][217,1197]" />
                                  <node index="1" text="Followed by its__sarya1 and tit_lis_world" resource-id="com.instagram.android:id/profile_header_follow_context_text" class="android.widget.TextView" package="com.instagram.android" content-desc="Followed by its__sarya1 and tit_lis_world" checkable="false" checked="false" clickable="false" enabled="true" focusable="false" focused="false" scrollable="false" long-clickable="false" password="false" selected="false" visible-to-user="true" bounds="[245,1123][1384,1172]" />
                                </node>
                              </node>
                              <node index="2" text="" resource-id="" class="android.widget.LinearLayout" package="com.instagram.android" content-desc="" checkable="false" checked="false" clickable="false" enabled="true" focusable="false" focused="false" scrollable="false" long-clickable="false" password="false" selected="false" visible-to-user="true" bounds="[0,1239][1440,1358]">
                                <node index="0" text="" resource-id="com.instagram.android:id/profile_header_actions_top_row" class="android.widget.LinearLayout" package="com.instagram.android" content-desc="" checkable="false" checked="false" clickable="false" enabled="true" focusable="false" focused="false" scrollable="false" long-clickable="false" password="false" selected="false" visible-to-user="true" bounds="[0,1239][1440,1351]">
                                  <node index="0" text="" resource-id="com.instagram.android:id/profile_header_user_action_follow_button" class="android.widget.Button" package="com.instagram.android" content-desc="" checkable="false" checked="false" clickable="true" enabled="true" focusable="false" focused="false" scrollable="false" long-clickable="false" password="false" selected="false" visible-to-user="true" bounds="[43,1239][435,1351]">
                                    <node index="0" text="Follow" resource-id="com.instagram.android:id/profile_header_follow_button" class="android.widget.Button" package="com.instagram.android" content-desc="Follow Lediana Prenga" checkable="false" checked="false" clickable="true" enabled="true" focusable="true" focused="false" scrollable="false" long-clickable="false" password="false" selected="true" visible-to-user="true" bounds="[43,1239][435,1351]" />
                                  </node>
                                  <node index="1" text="" resource-id="" class="android.widget.Button" package="com.instagram.android" content-desc="" checkable="false" checked="false" clickable="true" enabled="true" focusable="false" focused="false" scrollable="false" long-clickable="false" password="false" selected="false" visible-to-user="true" bounds="[457,1239][849,1351]">
                                    <node index="0" text="" resource-id="com.instagram.android:id/button_container" class="android.widget.Button" package="com.instagram.android" content-desc="Message" checkable="false" checked="false" clickable="true" enabled="true" focusable="true" focused="false" scrollable="false" long-clickable="false" password="false" selected="false" visible-to-user="true" bounds="[457,1239][849,1351]">
                                      <node index="0" text="Message" resource-id="" class="android.widget.TextView" package="com.instagram.android" content-desc="" checkable="false" checked="false" clickable="false" enabled="true" focusable="false" focused="false" scrollable="false" long-clickable="false" password="false" selected="false" visible-to-user="true" bounds="[566,1266][740,1323]" />
                                    </node>
                                  </node>
                                  <node index="2" text="" resource-id="" class="android.widget.Button" package="com.instagram.android" content-desc="" checkable="false" checked="false" clickable="true" enabled="true" focusable="false" focused="false" scrollable="false" long-clickable="false" password="false" selected="false" visible-to-user="true" bounds="[871,1239][1263,1351]">
                                    <node index="0" text="" resource-id="com.instagram.android:id/button_container" class="android.widget.Button" package="com.instagram.android" content-desc="Email" checkable="false" checked="false" clickable="true" enabled="true" focusable="true" focused="false" scrollable="false" long-clickable="false" password="false" selected="false" visible-to-user="true" bounds="[871,1239][1263,1351]">
                                      <node index="0" text="Email" resource-id="" class="android.widget.TextView" package="com.instagram.android" content-desc="" checkable="false" checked="false" clickable="false" enabled="true" focusable="false" focused="false" scrollable="false" long-clickable="false" password="false" selected="false" visible-to-user="true" bounds="[1014,1266][1120,1323]" />
                                    </node>
                                  </node>
                                  <node index="3" text="" resource-id="com.instagram.android:id/row_profile_header_button_chaining" class="android.widget.Button" package="com.instagram.android" content-desc="@2131839002" checkable="false" checked="false" clickable="true" enabled="true" focusable="true" focused="false" scrollable="false" long-clickable="false" password="false" selected="false" visible-to-user="true" bounds="[1285,1239][1397,1351]">
                                    <node index="0" text="" resource-id="com.instagram.android:id/chaining_button_image" class="android.widget.ImageView" package="com.instagram.android" content-desc="" checkable="false" checked="false" clickable="false" enabled="true" focusable="false" focused="false" scrollable="false" long-clickable="false" password="false" selected="false" visible-to-user="true" bounds="[1285,1239][1397,1351]" />
                                  </node>
                                </node>
                              </node>
                              <node index="3" text="" resource-id="" class="android.widget.LinearLayout" package="com.instagram.android" content-desc="" checkable="false" checked="false" clickable="false" enabled="true" focusable="false" focused="false" scrollable="false" long-clickable="false" password="false" selected="false" visible-to-user="true" bounds="[0,1400][1440,1743]">
                                <node index="0" text="" resource-id="com.instagram.android:id/highlights_reel_tray_recycler_view" class="androidx.recyclerview.widget.RecyclerView" package="com.instagram.android" content-desc="" checkable="false" checked="false" clickable="false" enabled="true" focusable="true" focused="false" scrollable="true" long-clickable="false" password="false" selected="false" visible-to-user="true" bounds="[0,1400][1440,1743]">
                                  <node index="0" text="" resource-id="com.instagram.android:id/outer_container" class="android.widget.LinearLayout" package="com.instagram.android" content-desc="" checkable="false" checked="false" clickable="true" enabled="true" focusable="true" focused="false" scrollable="false" long-clickable="false" password="false" selected="false" visible-to-user="true" bounds="[7,1400][316,1743]">
                                    <node index="0" text="" resource-id="com.instagram.android:id/avatar_view" class="android.widget.FrameLayout" package="com.instagram.android" content-desc="" checkable="false" checked="false" clickable="false" enabled="true" focusable="false" focused="false" scrollable="false" long-clickable="false" password="false" selected="false" visible-to-user="true" bounds="[7,1400][316,1673]">
                                      <node index="0" text="" resource-id="" class="android.widget.FrameLayout" package="com.instagram.android" content-desc="" checkable="false" checked="false" clickable="false" enabled="true" focusable="false" focused="false" scrollable="false" long-clickable="false" password="false" selected="false" visible-to-user="true" bounds="[7,1400][316,1673]">
                                        <node index="0" text="" resource-id="com.instagram.android:id/avatar_container" class="android.widget.FrameLayout" package="com.instagram.android" content-desc="" checkable="false" checked="false" clickable="false" enabled="true" focusable="false" focused="false" scrollable="false" long-clickable="false" password="false" selected="false" visible-to-user="true" bounds="[7,1400][316,1673]">
                                          <node index="0" text="" resource-id="com.instagram.android:id/seen_state" class="android.view.View" package="com.instagram.android" content-desc="" checkable="false" checked="false" clickable="false" enabled="true" focusable="false" focused="false" scrollable="false" long-clickable="false" password="false" selected="false" visible-to-user="true" bounds="[39,1421][284,1666]" />
                                          <node index="1" text="" resource-id="com.instagram.android:id/avatar_image_view" class="android.widget.ImageView" package="com.instagram.android" content-desc="ledianaprengaa's highlight story at column 0" checkable="false" checked="false" clickable="false" enabled="true" focusable="false" focused="false" scrollable="false" long-clickable="false" password="false" selected="false" visible-to-user="true" bounds="[53,1435][270,1652]" />
                                        </node>
                                      </node>
                                    </node>
                                    <node index="1" text="" resource-id="com.instagram.android:id/title_container" class="android.view.ViewGroup" package="com.instagram.android" content-desc="" checkable="false" checked="false" clickable="false" enabled="true" focusable="false" focused="false" scrollable="false" long-clickable="false" password="false" selected="false" visible-to-user="true" bounds="[7,1673][316,1722]">
                                      <node index="0" text="Sunset✨" resource-id="com.instagram.android:id/username" class="android.widget.TextView" package="com.instagram.android" content-desc="" checkable="false" checked="false" clickable="false" enabled="true" focusable="false" focused="false" scrollable="false" long-clickable="false" password="false" selected="false" visible-to-user="true" bounds="[84,1673][240,1722]" />
                                    </node>
                                  </node>
                                  <node index="1" text="" resource-id="com.instagram.android:id/outer_container" class="android.widget.LinearLayout" package="com.instagram.android" content-desc="" checkable="false" checked="false" clickable="true" enabled="true" focusable="true" focused="false" scrollable="false" long-clickable="false" password="false" selected="false" visible-to-user="true" bounds="[316,1400][625,1743]">
                                    <node index="0" text="" resource-id="com.instagram.android:id/avatar_view" class="android.widget.FrameLayout" package="com.instagram.android" content-desc="" checkable="false" checked="false" clickable="false" enabled="true" focusable="false" focused="false" scrollable="false" long-clickable="false" password="false" selected="false" visible-to-user="true" bounds="[316,1400][625,1673]">
                                      <node index="0" text="" resource-id="" class="android.widget.FrameLayout" package="com.instagram.android" content-desc="" checkable="false" checked="false" clickable="false" enabled="true" focusable="false" focused="false" scrollable="false" long-clickable="false" password="false" selected="false" visible-to-user="true" bounds="[316,1400][625,1673]">
                                        <node index="0" text="" resource-id="com.instagram.android:id/avatar_container" class="android.widget.FrameLayout" package="com.instagram.android" content-desc="" checkable="false" checked="false" clickable="false" enabled="true" focusable="false" focused="false" scrollable="false" long-clickable="false" password="false" selected="false" visible-to-user="true" bounds="[316,1400][625,1673]">
                                          <node index="0" text="" resource-id="com.instagram.android:id/seen_state" class="android.view.View" package="com.instagram.android" content-desc="" checkable="false" checked="false" clickable="false" enabled="true" focusable="false" focused="false" scrollable="false" long-clickable="false" password="false" selected="false" visible-to-user="true" bounds="[348,1421][593,1666]" />
                                          <node index="1" text="" resource-id="com.instagram.android:id/avatar_image_view" class="android.widget.ImageView" package="com.instagram.android" content-desc="ledianaprengaa's highlight story at column 1" checkable="false" checked="false" clickable="false" enabled="true" focusable="false" focused="false" scrollable="false" long-clickable="false" password="false" selected="false" visible-to-user="true" bounds="[362,1435][579,1652]" />
                                        </node>
                                      </node>
                                    </node>
                                    <node index="1" text="" resource-id="com.instagram.android:id/title_container" class="android.view.ViewGroup" package="com.instagram.android" content-desc="" checkable="false" checked="false" clickable="false" enabled="true" focusable="false" focused="false" scrollable="false" long-clickable="false" password="false" selected="false" visible-to-user="true" bounds="[316,1673][625,1722]">
                                      <node index="0" text="Fashionnova" resource-id="com.instagram.android:id/username" class="android.widget.TextView" package="com.instagram.android" content-desc="" checkable="false" checked="false" clickable="false" enabled="true" focusable="false" focused="false" scrollable="false" long-clickable="false" password="false" selected="false" visible-to-user="true" bounds="[368,1673][574,1722]" />
                                    </node>
                                  </node>
                                  <node index="2" text="" resource-id="com.instagram.android:id/outer_container" class="android.widget.LinearLayout" package="com.instagram.android" content-desc="" checkable="false" checked="false" clickable="true" enabled="true" focusable="true" focused="false" scrollable="false" long-clickable="false" password="false" selected="false" visible-to-user="true" bounds="[625,1400][934,1743]">
                                    <node index="0" text="" resource-id="com.instagram.android:id/avatar_view" class="android.widget.FrameLayout" package="com.instagram.android" content-desc="" checkable="false" checked="false" clickable="false" enabled="true" focusable="false" focused="false" scrollable="false" long-clickable="false" password="false" selected="false" visible-to-user="true" bounds="[625,1400][934,1673]">
                                      <node index="0" text="" resource-id="" class="android.widget.FrameLayout" package="com.instagram.android" content-desc="" checkable="false" checked="false" clickable="false" enabled="true" focusable="false" focused="false" scrollable="false" long-clickable="false" password="false" selected="false" visible-to-user="true" bounds="[625,1400][934,1673]">
                                        <node index="0" text="" resource-id="com.instagram.android:id/avatar_container" class="android.widget.FrameLayout" package="com.instagram.android" content-desc="" checkable="false" checked="false" clickable="false" enabled="true" focusable="false" focused="false" scrollable="false" long-clickable="false" password="false" selected="false" visible-to-user="true" bounds="[625,1400][934,1673]">
                                          <node index="0" text="" resource-id="com.instagram.android:id/seen_state" class="android.view.View" package="com.instagram.android" content-desc="" checkable="false" checked="false" clickable="false" enabled="true" focusable="false" focused="false" scrollable="false" long-clickable="false" password="false" selected="false" visible-to-user="true" bounds="[657,1421][902,1666]" />
                                          <node index="1" text="" resource-id="com.instagram.android:id/avatar_image_view" class="android.widget.ImageView" package="com.instagram.android" content-desc="ledianaprengaa's highlight story at column 2" checkable="false" checked="false" clickable="false" enabled="true" focusable="false" focused="false" scrollable="false" long-clickable="false" password="false" selected="false" visible-to-user="true" bounds="[671,1435][888,1652]" />
                                        </node>
                                      </node>
                                    </node>
                                    <node index="1" text="" resource-id="com.instagram.android:id/title_container" class="android.view.ViewGroup" package="com.instagram.android" content-desc="" checkable="false" checked="false" clickable="false" enabled="true" focusable="false" focused="false" scrollable="false" long-clickable="false" password="false" selected="false" visible-to-user="true" bounds="[625,1673][934,1722]">
                                      <node index="0" text="My baby &#129294;" resource-id="com.instagram.android:id/username" class="android.widget.TextView" package="com.instagram.android" content-desc="" checkable="false" checked="false" clickable="false" enabled="true" focusable="false" focused="false" scrollable="false" long-clickable="false" password="false" selected="false" visible-to-user="true" bounds="[686,1673][874,1722]" />
                                    </node>
                                  </node>
                                  <node index="3" text="" resource-id="com.instagram.android:id/outer_container" class="android.widget.LinearLayout" package="com.instagram.android" content-desc="" checkable="false" checked="false" clickable="true" enabled="true" focusable="true" focused="false" scrollable="false" long-clickable="false" password="false" selected="false" visible-to-user="true" bounds="[934,1400][1243,1743]">
                                    <node index="0" text="" resource-id="com.instagram.android:id/avatar_view" class="android.widget.FrameLayout" package="com.instagram.android" content-desc="" checkable="false" checked="false" clickable="false" enabled="true" focusable="false" focused="false" scrollable="false" long-clickable="false" password="false" selected="false" visible-to-user="true" bounds="[934,1400][1243,1673]">
                                      <node index="0" text="" resource-id="" class="android.widget.FrameLayout" package="com.instagram.android" content-desc="" checkable="false" checked="false" clickable="false" enabled="true" focusable="false" focused="false" scrollable="false" long-clickable="false" password="false" selected="false" visible-to-user="true" bounds="[934,1400][1243,1673]">
                                        <node index="0" text="" resource-id="com.instagram.android:id/avatar_container" class="android.widget.FrameLayout" package="com.instagram.android" content-desc="" checkable="false" checked="false" clickable="false" enabled="true" focusable="false" focused="false" scrollable="false" long-clickable="false" password="false" selected="false" visible-to-user="true" bounds="[934,1400][1243,1673]">
                                          <node index="0" text="" resource-id="com.instagram.android:id/seen_state" class="android.view.View" package="com.instagram.android" content-desc="" checkable="false" checked="false" clickable="false" enabled="true" focusable="false" focused="false" scrollable="false" long-clickable="false" password="false" selected="false" visible-to-user="true" bounds="[966,1421][1211,1666]" />
                                          <node index="1" text="" resource-id="com.instagram.android:id/avatar_image_view" class="android.widget.ImageView" package="com.instagram.android" content-desc="ledianaprengaa's highlight story at column 3" checkable="false" checked="false" clickable="false" enabled="true" focusable="false" focused="false" scrollable="false" long-clickable="false" password="false" selected="false" visible-to-user="true" bounds="[980,1435][1197,1652]" />
                                        </node>
                                      </node>
                                    </node>
                                    <node index="1" text="" resource-id="com.instagram.android:id/title_container" class="android.view.ViewGroup" package="com.instagram.android" content-desc="" checkable="false" checked="false" clickable="false" enabled="true" focusable="false" focused="false" scrollable="false" long-clickable="false" password="false" selected="false" visible-to-user="true" bounds="[934,1673][1243,1722]">
                                      <node index="0" text="Blessed❣️" resource-id="com.instagram.android:id/username" class="android.widget.TextView" package="com.instagram.android" content-desc="" checkable="false" checked="false" clickable="false" enabled="true" focusable="false" focused="false" scrollable="false" long-clickable="false" password="false" selected="false" visible-to-user="true" bounds="[1003,1673][1175,1722]" />
                                    </node>
                                  </node>
                                  <node index="4" text="" resource-id="com.instagram.android:id/outer_container" class="android.widget.LinearLayout" package="com.instagram.android" content-desc="" checkable="false" checked="false" clickable="true" enabled="true" focusable="true" focused="false" scrollable="false" long-clickable="false" password="false" selected="false" visible-to-user="true" bounds="[1243,1400][1440,1743]">
                                    <node index="0" text="" resource-id="com.instagram.android:id/avatar_view" class="android.widget.FrameLayout" package="com.instagram.android" content-desc="" checkable="false" checked="false" clickable="false" enabled="true" focusable="false" focused="false" scrollable="false" long-clickable="false" password="false" selected="false" visible-to-user="true" bounds="[1243,1400][1440,1673]">
                                      <node index="0" text="" resource-id="" class="android.widget.FrameLayout" package="com.instagram.android" content-desc="" checkable="false" checked="false" clickable="false" enabled="true" focusable="false" focused="false" scrollable="false" long-clickable="false" password="false" selected="false" visible-to-user="true" bounds="[1243,1400][1440,1673]">
                                        <node index="0" text="" resource-id="com.instagram.android:id/avatar_container" class="android.widget.FrameLayout" package="com.instagram.android" content-desc="" checkable="false" checked="false" clickable="false" enabled="true" focusable="false" focused="false" scrollable="false" long-clickable="false" password="false" selected="false" visible-to-user="true" bounds="[1243,1400][1440,1673]">
                                          <node index="0" text="" resource-id="com.instagram.android:id/seen_state" class="android.view.View" package="com.instagram.android" content-desc="" checkable="false" checked="false" clickable="false" enabled="true" focusable="false" focused="false" scrollable="false" long-clickable="false" password="false" selected="false" visible-to-user="true" bounds="[1275,1421][1440,1666]" />
                                          <node index="1" text="" resource-id="com.instagram.android:id/avatar_image_view" class="android.widget.ImageView" package="com.instagram.android" content-desc="ledianaprengaa's highlight story at column 4" checkable="false" checked="false" clickable="false" enabled="true" focusable="false" focused="false" scrollable="false" long-clickable="false" password="false" selected="false" visible-to-user="true" bounds="[1289,1435][1440,1652]" />
                                        </node>
                                      </node>
                                    </node>
                                    <node index="1" text="" resource-id="com.instagram.android:id/title_container" class="android.view.ViewGroup" package="com.instagram.android" content-desc="" checkable="false" checked="false" clickable="false" enabled="true" focusable="false" focused="false" scrollable="false" long-clickable="false" password="false" selected="false" visible-to-user="true" bounds="[1243,1673][1440,1722]">
                                      <node index="0" text="Sisters&#128305;" resource-id="com.instagram.android:id/username" class="android.widget.TextView" package="com.instagram.android" content-desc="" checkable="false" checked="false" clickable="false" enabled="true" focusable="false" focused="false" scrollable="false" long-clickable="false" password="false" selected="false" visible-to-user="true" bounds="[1320,1673][1440,1722]" />
                                    </node>
                                  </node>
                                </node>
                              </node>
                            </node>
                            <node index="1" text="" resource-id="com.instagram.android:id/profile_tabs_container" class="android.widget.LinearLayout" package="com.instagram.android" content-desc="" checkable="false" checked="false" clickable="false" enabled="true" focusable="false" focused="false" scrollable="false" long-clickable="false" password="false" selected="false" visible-to-user="true" bounds="[0,1778][1440,1947]">
                              <node index="0" text="" resource-id="com.instagram.android:id/profile_tab_layout" class="android.widget.HorizontalScrollView" package="com.instagram.android" content-desc="" checkable="false" checked="false" clickable="false" enabled="true" focusable="true" focused="false" scrollable="false" long-clickable="false" password="false" selected="false" visible-to-user="true" bounds="[0,1778][1440,1946]">
                                <node index="0" text="" resource-id="" class="android.widget.LinearLayout" package="com.instagram.android" content-desc="" checkable="false" checked="false" clickable="false" enabled="true" focusable="false" focused="false" scrollable="false" long-clickable="false" password="false" selected="false" visible-to-user="true" bounds="[0,1778][1440,1946]">
                                  <node index="0" text="" resource-id="" class="android.widget.LinearLayout" package="com.instagram.android" content-desc="" checkable="false" checked="false" clickable="false" enabled="true" focusable="true" focused="false" scrollable="false" long-clickable="false" password="false" selected="true" visible-to-user="true" bounds="[0,1778][476,1946]">
                                    <node index="0" text="" resource-id="" class="android.widget.FrameLayout" package="com.instagram.android" content-desc="" checkable="false" checked="false" clickable="false" enabled="true" focusable="true" focused="false" scrollable="false" long-clickable="false" password="false" selected="true" visible-to-user="true" bounds="[56,1778][420,1946]">
                                      <node index="0" text="" resource-id="com.instagram.android:id/profile_tab_icon_view" class="android.widget.ImageView" package="com.instagram.android" content-desc="Grid view" checkable="false" checked="false" clickable="true" enabled="true" focusable="true" focused="false" scrollable="false" long-clickable="false" password="false" selected="true" visible-to-user="true" bounds="[56,1778][420,1946]" />
                                    </node>
                                  </node>
                                  <node index="1" text="" resource-id="" class="android.widget.LinearLayout" package="com.instagram.android" content-desc="" checkable="false" checked="false" clickable="true" enabled="true" focusable="true" focused="false" scrollable="false" long-clickable="false" password="false" selected="false" visible-to-user="true" bounds="[482,1778][958,1946]">
                                    <node index="0" text="" resource-id="" class="android.widget.FrameLayout" package="com.instagram.android" content-desc="" checkable="false" checked="false" clickable="false" enabled="true" focusable="true" focused="false" scrollable="false" long-clickable="false" password="false" selected="false" visible-to-user="true" bounds="[538,1778][902,1946]">
                                      <node index="0" text="" resource-id="com.instagram.android:id/profile_tab_icon_view" class="android.widget.ImageView" package="com.instagram.android" content-desc="Reels" checkable="false" checked="false" clickable="true" enabled="true" focusable="true" focused="false" scrollable="false" long-clickable="false" password="false" selected="false" visible-to-user="true" bounds="[538,1778][902,1946]" />
                                    </node>
                                  </node>
                                  <node index="2" text="" resource-id="" class="android.widget.LinearLayout" package="com.instagram.android" content-desc="" checkable="false" checked="false" clickable="true" enabled="true" focusable="true" focused="false" scrollable="false" long-clickable="false" password="false" selected="false" visible-to-user="true" bounds="[964,1778][1440,1946]">
                                    <node index="0" text="" resource-id="" class="android.widget.FrameLayout" package="com.instagram.android" content-desc="" checkable="false" checked="false" clickable="false" enabled="true" focusable="true" focused="false" scrollable="false" long-clickable="false" password="false" selected="false" visible-to-user="true" bounds="[1020,1778][1384,1946]">
                                      <node index="0" text="" resource-id="com.instagram.android:id/profile_tab_icon_view" class="android.widget.ImageView" package="com.instagram.android" content-desc="Photos of you" checkable="false" checked="false" clickable="true" enabled="true" focusable="true" focused="false" scrollable="false" long-clickable="false" password="false" selected="false" visible-to-user="true" bounds="[1020,1778][1384,1946]" />
                                    </node>
                                  </node>
                                </node>
                              </node>
                              <node index="1" text="" resource-id="com.instagram.android:id/profile_tabs_bottom_divider" class="android.view.View" package="com.instagram.android" content-desc="" checkable="false" checked="false" clickable="false" enabled="true" focusable="false" focused="false" scrollable="false" long-clickable="false" password="false" selected="false" visible-to-user="true" bounds="[0,1946][1440,1947]" />
                            </node>
                          </node>
                        </node>
                        <node index="2" text="" resource-id="com.instagram.android:id/swipe_refresh_animated_progressbar_container_background" class="android.view.View" package="com.instagram.android" content-desc="" checkable="false" checked="false" clickable="false" enabled="true" focusable="false" focused="false" scrollable="false" long-clickable="false" password="false" selected="false" visible-to-user="true" bounds="[0,294][1440,295]" />
                        <node index="3" text="" resource-id="com.instagram.android:id/swipe_refresh_animated_progressbar_container" class="android.view.View" package="com.instagram.android" content-desc="" checkable="false" checked="false" clickable="false" enabled="true" focusable="false" focused="false" scrollable="false" long-clickable="false" password="false" selected="false" visible-to-user="true" bounds="[597,294][842,539]" />
                        <node index="4" text="" resource-id="com.instagram.android:id/profile_viewpager" class="androidx.viewpager.widget.ViewPager" package="com.instagram.android" content-desc="" checkable="false" checked="false" clickable="false" enabled="true" focusable="true" focused="false" scrollable="true" long-clickable="false" password="false" selected="false" visible-to-user="true" bounds="[0,1947][1440,2649]">
                          <node index="0" text="" resource-id="android:id/list" class="androidx.recyclerview.widget.RecyclerView" package="com.instagram.android" content-desc="" checkable="false" checked="false" clickable="false" enabled="true" focusable="true" focused="false" scrollable="false" long-clickable="false" password="false" selected="false" visible-to-user="true" bounds="[0,1947][1440,2649]">
                            <node index="0" text="" resource-id="com.instagram.android:id/gap_binder_group" class="android.view.View" package="com.instagram.android" content-desc="" checkable="false" checked="false" clickable="false" enabled="true" focusable="false" focused="false" scrollable="false" long-clickable="false" password="false" selected="false" visible-to-user="true" bounds="[0,1947][1440,1953]" />
                            <node index="1" text="" resource-id="com.instagram.android:id/media_set_row_content_identifier" class="android.widget.LinearLayout" package="com.instagram.android" content-desc="" checkable="false" checked="false" clickable="false" enabled="true" focusable="false" focused="false" scrollable="false" long-clickable="false" password="false" selected="false" visible-to-user="true" bounds="[0,1953][1440,2435]">
                              <node index="0" text="" resource-id="" class="android.widget.Button" package="com.instagram.android" content-desc="3 photos by Lediana Prenga at row 1, column 1" checkable="false" checked="false" clickable="true" enabled="true" focusable="true" focused="false" scrollable="false" long-clickable="false" password="false" selected="false" visible-to-user="true" bounds="[0,1953][476,2429]" />
                              <node index="1" text="" resource-id="" class="android.widget.Button" package="com.instagram.android" content-desc="3 photos by Lediana Prenga at row 1, column 2" checkable="false" checked="false" clickable="true" enabled="true" focusable="true" focused="false" scrollable="false" long-clickable="false" password="false" selected="false" visible-to-user="true" bounds="[482,1953][958,2429]" />
                              <node index="2" text="" resource-id="" class="android.widget.Button" package="com.instagram.android" content-desc="3 photos by Lediana Prenga at row 1, column 3" checkable="false" checked="false" clickable="true" enabled="true" focusable="true" focused="false" scrollable="false" long-clickable="false" password="false" selected="false" visible-to-user="true" bounds="[964,1953][1440,2429]" />
                            </node>
                            <node index="2" text="" resource-id="com.instagram.android:id/media_set_row_content_identifier" class="android.widget.LinearLayout" package="com.instagram.android" content-desc="" checkable="false" checked="false" clickable="false" enabled="true" focusable="false" focused="false" scrollable="false" long-clickable="false" password="false" selected="false" visible-to-user="true" bounds="[0,2435][1440,2649]">
                              <node index="0" text="" resource-id="" class="android.widget.Button" package="com.instagram.android" content-desc="5 photos by Lediana Prenga at row 2, column 1" checkable="false" checked="false" clickable="true" enabled="true" focusable="true" focused="false" scrollable="false" long-clickable="false" password="false" selected="false" visible-to-user="true" bounds="[0,2435][476,2649]" />
                              <node index="1" text="" resource-id="" class="android.widget.Button" package="com.instagram.android" content-desc="2 photos by Lediana Prenga at row 2, column 2" checkable="false" checked="false" clickable="true" enabled="true" focusable="true" focused="false" scrollable="false" long-clickable="false" password="false" selected="false" visible-to-user="true" bounds="[482,2435][958,2649]" />
                              <node index="2" text="" resource-id="" class="android.widget.Button" package="com.instagram.android" content-desc="4 photos by Lediana Prenga at row 2, column 3" checkable="false" checked="false" clickable="true" enabled="true" focusable="true" focused="false" scrollable="false" long-clickable="false" password="false" selected="false" visible-to-user="true" bounds="[964,2435][1440,2649]" />
                            </node>
                          </node>
                        </node>
                      </node>
                    </node>
                  </node>
                  <node index="1" text="" resource-id="com.instagram.android:id/action_bar_container" class="android.widget.FrameLayout" package="com.instagram.android" content-desc="" checkable="false" checked="false" clickable="false" enabled="true" focusable="false" focused="false" scrollable="false" long-clickable="false" password="false" selected="false" visible-to-user="true" bounds="[0,98][1440,294]">
                    <node index="0" text="" resource-id="com.instagram.android:id/action_bar_wrapper" class="android.widget.FrameLayout" package="com.instagram.android" content-desc="" checkable="false" checked="false" clickable="false" enabled="true" focusable="false" focused="false" scrollable="false" long-clickable="false" password="false" selected="false" visible-to-user="true" bounds="[0,98][1440,294]">
                      <node index="0" text="" resource-id="com.instagram.android:id/action_bar" class="android.widget.LinearLayout" package="com.instagram.android" content-desc="" checkable="false" checked="false" clickable="true" enabled="true" focusable="true" focused="false" scrollable="false" long-clickable="false" password="false" selected="false" visible-to-user="true" bounds="[0,98][1440,294]">
                        <node index="0" text="" resource-id="com.instagram.android:id/action_bar_new_title_container" class="android.widget.LinearLayout" package="com.instagram.android" content-desc="" checkable="false" checked="false" clickable="true" enabled="true" focusable="true" focused="false" scrollable="false" long-clickable="false" password="false" selected="false" visible-to-user="true" bounds="[0,98][1244,294]">
                          <node index="0" text="" resource-id="com.instagram.android:id/action_bar_button_back" class="android.widget.ImageView" package="com.instagram.android" content-desc="Back" checkable="false" checked="false" clickable="true" enabled="true" focusable="true" focused="false" scrollable="false" long-clickable="false" password="false" selected="false" visible-to-user="true" bounds="[0,98][196,294]" />
                          <node index="1" text="" resource-id="" class="android.widget.LinearLayout" package="com.instagram.android" content-desc="" checkable="false" checked="false" clickable="false" enabled="true" focusable="false" focused="false" scrollable="false" long-clickable="false" password="false" selected="false" visible-to-user="true" bounds="[196,160][710,231]">
                            <node index="0" text="" resource-id="" class="android.widget.LinearLayout" package="com.instagram.android" content-desc="" checkable="false" checked="false" clickable="false" enabled="true" focusable="false" focused="false" scrollable="false" long-clickable="false" password="false" selected="false" visible-to-user="true" bounds="[196,160][710,231]">
                              <node index="0" text="ledianaprengaa" resource-id="com.instagram.android:id/action_bar_title" class="android.widget.TextView" package="com.instagram.android" content-desc="ledianaprengaa" checkable="false" checked="false" clickable="false" enabled="true" focusable="true" focused="false" scrollable="false" long-clickable="false" password="false" selected="false" visible-to-user="true" bounds="[252,160][668,231]" />
                            </node>
                          </node>
                        </node>
                        <node index="1" text="" resource-id="" class="android.widget.Button" package="com.instagram.android" content-desc="" checkable="false" checked="false" clickable="true" enabled="true" focusable="true" focused="false" scrollable="false" long-clickable="false" password="false" selected="false" visible-to-user="true" bounds="[1244,98][1412,294]">
                          <node index="0" text="" resource-id="" class="android.widget.FrameLayout" package="com.instagram.android" content-desc="Options" checkable="false" checked="false" clickable="false" enabled="true" focusable="false" focused="false" scrollable="false" long-clickable="false" password="false" selected="false" visible-to-user="true" bounds="[1286,154][1370,238]">
                            <node index="0" text="" resource-id="com.instagram.android:id/action_bar_overflow_icon" class="android.widget.ImageView" package="com.instagram.android" content-desc="" checkable="false" checked="false" clickable="false" enabled="true" focusable="false" focused="false" scrollable="false" long-clickable="false" password="false" selected="false" visible-to-user="true" bounds="[1286,154][1370,238]" />
                          </node>
                        </node>
                      </node>
                    </node>
                  </node>
                  <node index="2" text="" resource-id="com.instagram.android:id/tab_bar_shadow" class="android.view.View" package="com.instagram.android" content-desc="" checkable="false" checked="false" clickable="false" enabled="true" focusable="false" focused="false" scrollable="false" long-clickable="false" password="false" selected="false" visible-to-user="true" bounds="[0,2648][1440,2649]" />
                  <node index="3" text="" resource-id="com.instagram.android:id/tab_bar" class="android.widget.LinearLayout" package="com.instagram.android" content-desc="" checkable="false" checked="false" clickable="false" enabled="true" focusable="false" focused="false" scrollable="false" long-clickable="false" password="false" selected="false" visible-to-user="true" bounds="[0,2649][1440,2824]">
                    <node index="0" text="" resource-id="com.instagram.android:id/feed_tab" class="android.widget.FrameLayout" package="com.instagram.android" content-desc="Home" checkable="false" checked="false" clickable="true" enabled="true" focusable="true" focused="false" scrollable="false" long-clickable="false" password="false" selected="false" visible-to-user="true" bounds="[0,2649][288,2824]">
                      <node index="0" text="" resource-id="com.instagram.android:id/wrapper" class="android.view.ViewGroup" package="com.instagram.android" content-desc="" checkable="false" checked="false" clickable="false" enabled="true" focusable="false" focused="false" scrollable="false" long-clickable="false" password="false" selected="false" visible-to-user="true" bounds="[0,2649][288,2824]">
                        <node index="0" text="" resource-id="com.instagram.android:id/container" class="android.widget.FrameLayout" package="com.instagram.android" content-desc="" checkable="false" checked="false" clickable="false" enabled="true" focusable="false" focused="false" scrollable="false" long-clickable="false" password="false" selected="false" visible-to-user="true" bounds="[102,2695][186,2779]">
                          <node index="0" text="" resource-id="com.instagram.android:id/tab_icon" class="android.widget.ImageView" package="com.instagram.android" content-desc="" checkable="false" checked="false" clickable="false" enabled="true" focusable="false" focused="false" scrollable="false" long-clickable="false" password="false" selected="false" visible-to-user="true" bounds="[102,2695][186,2779]" />
                        </node>
                        <node index="1" text="" resource-id="com.instagram.android:id/dot_badge" class="android.view.View" package="com.instagram.android" content-desc="" checkable="false" checked="false" clickable="false" enabled="true" focusable="false" focused="false" scrollable="false" long-clickable="false" password="false" selected="false" visible-to-user="true" bounds="[137,2786][151,2800]" />
                      </node>
                    </node>
                    <node index="1" text="" resource-id="com.instagram.android:id/search_tab" class="android.widget.FrameLayout" package="com.instagram.android" content-desc="Search and explore" checkable="false" checked="false" clickable="true" enabled="true" focusable="true" focused="false" scrollable="false" long-clickable="true" password="false" selected="true" visible-to-user="true" bounds="[288,2649][576,2824]">
                      <node index="0" text="" resource-id="com.instagram.android:id/tab_icon" class="android.widget.ImageView" package="com.instagram.android" content-desc="" checkable="false" checked="false" clickable="false" enabled="true" focusable="false" focused="false" scrollable="false" long-clickable="false" password="false" selected="true" visible-to-user="true" bounds="[390,2694][474,2778]" />
                    </node>
                    <node index="2" text="" resource-id="com.instagram.android:id/creation_tab" class="android.widget.FrameLayout" package="com.instagram.android" content-desc="Camera" checkable="false" checked="false" clickable="true" enabled="true" focusable="true" focused="false" scrollable="false" long-clickable="false" password="false" selected="false" visible-to-user="true" bounds="[576,2649][864,2824]">
                      <node index="0" text="" resource-id="com.instagram.android:id/tab_icon" class="android.widget.ImageView" package="com.instagram.android" content-desc="" checkable="false" checked="false" clickable="false" enabled="true" focusable="false" focused="false" scrollable="false" long-clickable="false" password="false" selected="false" visible-to-user="true" bounds="[678,2694][762,2778]" />
                    </node>
                    <node index="3" text="" resource-id="com.instagram.android:id/clips_tab" class="android.widget.FrameLayout" package="com.instagram.android" content-desc="Reels" checkable="false" checked="false" clickable="true" enabled="true" focusable="true" focused="false" scrollable="false" long-clickable="false" password="false" selected="false" visible-to-user="true" bounds="[864,2649][1152,2824]">
                      <node index="0" text="" resource-id="com.instagram.android:id/tab_icon" class="android.widget.ImageView" package="com.instagram.android" content-desc="" checkable="false" checked="false" clickable="false" enabled="true" focusable="false" focused="false" scrollable="false" long-clickable="false" password="false" selected="false" visible-to-user="true" bounds="[966,2694][1050,2778]" />
                    </node>
                    <node index="4" text="" resource-id="com.instagram.android:id/profile_tab" class="android.widget.FrameLayout" package="com.instagram.android" content-desc="Profile" checkable="false" checked="false" clickable="true" enabled="true" focusable="true" focused="false" scrollable="false" long-clickable="true" password="false" selected="false" visible-to-user="true" bounds="[1152,2649][1440,2824]">
                      <node index="0" text="" resource-id="com.instagram.android:id/wrapper" class="android.view.ViewGroup" package="com.instagram.android" content-desc="" checkable="false" checked="false" clickable="false" enabled="true" focusable="false" focused="false" scrollable="false" long-clickable="false" password="false" selected="false" visible-to-user="true" bounds="[1152,2649][1440,2824]">
                        <node index="0" text="" resource-id="com.instagram.android:id/container" class="android.widget.FrameLayout" package="com.instagram.android" content-desc="" checkable="false" checked="false" clickable="false" enabled="true" focusable="false" focused="false" scrollable="false" long-clickable="false" password="false" selected="false" visible-to-user="true" bounds="[1244,2684][1349,2789]">
                          <node index="0" text="" resource-id="com.instagram.android:id/tab_avatar" class="android.widget.ImageView" package="com.instagram.android" content-desc="" checkable="false" checked="false" clickable="false" enabled="true" focusable="false" focused="false" scrollable="false" long-clickable="false" password="false" selected="false" visible-to-user="true" bounds="[1244,2684][1349,2789]" />
                        </node>
                      </node>
                    </node>
                  </node>
                </node>
              </node>
            </node>
          </node>
        </node>
      </node>
    </node>
    <node index="2" text="" resource-id="android:id/navigationBarBackground" class="android.view.View" package="com.instagram.android" content-desc="" checkable="false" checked="false" clickable="false" enabled="true" focusable="false" focused="false" scrollable="false" long-clickable="false" password="false" selected="false" visible-to-user="true" bounds="[0,2824][1440,2880]" />
  </node>
</hierarchy>